[
    {
        "id": 1,
        "text": "The Addams Family Properties",
        "icon": "./images/appraisal.png",
        "children": [
            {
                "id": 2,
                "text": "Main House",
				"icon": "./images/house.png",
                "children": [
                    {
                        "id": 5,
                        "text": "Living Room"
                    },
                    {
                        "id": 6,
                        "text": "Master Bed Room"
                    },
                    {
                        "id": 7,
                        "text": "Garage"
                    }
                ]
            },
            {
                "id": 3,
                "text": "Vacation House",
				"icon": "./images/house.png"
            },
            {
                "id": 4,
                "text": "Scary Shed in Backyard",
				"icon": "./images/house.png",
                "children": [
                    {
                        "id": "8",
                        "text": "Lawn Mower"
                    },
                    {
                        "id": "9",
                        "text": "Cabinet",
                        "children": [
                            {
                                "id": "10",
                                "text": "Rope"
                            },
                            {
                                "id": "11",
                                "text": "Lizzie Bordens Axe"
                            }
                        ]
                    }
                ]
            }
        ]
    }
]