[
    {
        "id": 1,
        "text": "Family With Unassigned Items",
		"icon": "./images/appraisal.png",
        "children": [
            {
                "id": "12",
                "text": "Vacation House",
				"icon": "./images/house.png",
                "children": [
                    {
                        "id": 5,
                        "text": "Living Room"
                    },
                    {
                        "id": 6,
                        "text": "Master Bed Room"
                    },
                    {
                        "id": 7,
                        "text": "Kitchen"
                    }
                ]
            },
            {
                "id": 3,
                "text": "Jewelry",
				"icon": "./images/jewel.png"
            },
            {
                "id": 13,
                "text": "LCD TV",
				"icon": "./images/screen.png"
            },
            {
                "id": 4,
                "text": "Shed",
				"icon": "./images/house.png",
                "children": [
                    {
                        "id": "8",
                        "text": "Lawn Mower"
                    },
                    {
                        "id": "9",
                        "text": "Cabinet",
                        "children": [
                            {
                                "id": "10",
                                "text": "Rake"
                            },
                            {
                                "id": "11",
                                "text": "Weed Eater"
                            }
                        ]
                    }
                ]
            }
        ]
    }
]